Workbook

Sheet t
A1: t_intercept | B1: t_Sex_ratio | C1: t_Pct_18_30 | D1: t_Pct_60 | E1: t_Pct_black | F1: t_Pct_hispanic | G1: t_Ln_pop_den | H1: t_Pct_bachelor | I1: t_med_incm_family | J1: year
A2: -8.2123935 | B2: 0.20908093 | C2: -3.4158891 | D2: 2.2350341 | E2: 0.55945426 | F2: 0.94366191 | G2: 1.7566164 | H2: -0.67653986 | I2: 11.232846 | J2: 2017
A3: -5.6100778 | B3: 1.8921476 | C3: -2.9748395 | D3: 0.79371444 | E3: -0.18660596 | F3: -2.6439852 | G3: 0.29268553 | H3: -0.70573161 | I3: 13.622178 | J3: 2017
A4: -5.6109498 | B4: 1.6653749 | C4: -2.9044707 | D4: 0.261422 | E4: -0.46680163 | F4: -2.847844 | G4: 0.96058702 | H4: -0.7043137 | I4: 13.364821 | J4: 2017
A5: -5.2181852 | B5: 1.8520959 | C5: -2.6024832 | D5: 0.31775748 | E5: -0.46247009 | F5: -2.6000521 | G5: 1.9784923 | H5: -0.69639285 | I5: 12.899243 | J5: 2017
A6: -5.7456787 | B6: 1.7740327 | C6: -3.0110815 | D6: 0.61235729 | E6: -0.25436435 | F6: -2.6139401 | G6: 0.98878359 | H6: -0.69611531 | I6: 12.995406 | J6: 2017
A7: -6.6784831 | B7: 0.95369716 | C7: -4.2044359 | D7: 2.8867488 | E7: 0.90529584 | F7: -3.1915431 | G7: 3.3869198 | H7: -0.64470296 | I7: 11.841525 | J7: 2017
A8: -8.310457 | B8: -0.79907294 | C8: -4.6154426 | D8: 2.8118067 | E8: 1.4336386 | F8: -0.96189014 | G8: 3.7182735 | H8: -0.60981201 | I8: 10.796647 | J8: 2017
A9: -8.0471746 | B9: -0.729852 | C9: -4.7804737 | D9: 2.7112213 | E9: 1.2487728 | F9: -1.9148667 | G9: 3.4764714 | H9: -0.62706137 | I9: 10.968863 | J9: 2017
A10: -8.2078172 | B10: -0.98540939 | C10: -4.7921894 | D10: 2.4449385 | E10: 1.4036784 | F10: -1.5514401 | G10: 3.6981296 | H10: -0.6001931 | I10: 10.576186 | J10: 2017
A11: -4.7236581 | B11: 2.9161834 | C11: -2.9545444 | D11: 2.0664333 | E11: 0.73515193 | F11: -4.7263462 | G11: -0.28452101 | H11: -0.70397242 | I11: 13.804836 | J11: 2017
A12: -4.9804742 | B12: 1.1023847 | C12: -1.7884232 | D12: -0.38101563 | E12: -0.63584535 | F12: -2.619039 | G12: 0.14825684 | H12: -0.70029798 | I12: 12.671165 | J12: 2017
A13: -4.8169702 | B13: 0.9492694 | C13: -1.3819329 | D13: -1.4822731 | E13: -0.91171189 | F13: -2.2892658 | G13: 0.49773227 | H13: -0.69168698 | I13: 12.223057 | J13: 2017
... A1807: -2.4332596 | B1807: 0.11507717 | C1807: 0.57173677 | D1807: -0.31110677 | E1807: 0.49865131 | F1807: -1.6786566 | G1807: -0.23114291 | H1807: 25.860707 | I1807: -0.70358629 | J1807: 2022

Sheet beta
A1: beta_intercept | B1: beta_Sex_ratio | C1: beta_Pct_18_30 | D1: beta_Pct_60 | E1: beta_Pct_black | F1: beta_Pct_hispanic | G1: beta_Ln_pop_den | H1: beta_Pct_bachelor | I1: beta_med_incm_family | J1: year
A2: -2.9472972 | B2: 0.00048191497 | C2: -6.0819178 | D2: 3.2865912 | E2: 0.024969411 | F2: 0.033855135 | G2: 0.027162971 | H2: -0.010805047 | I2: 3.5723919e-05 | J2: 2017
A3: -2.1124667 | B3: 0.0040386682 | C3: -6.2129098 | D3: 1.285948 | E3: -0.0081173177 | F3: -0.16524808 | G3: 0.0045306886 | H3: -0.011211447 | I3: 4.2495917e-05 | J3: 2017
A4: -2.1092683 | B4: 0.0035923164 | C4: -6.3426555 | D4: 0.42299233 | E4: -0.020157021 | F4: -0.15448138 | G4: 0.011564353 | H4: -0.011186323 | I4: 4.2757417e-05 | J4: 2017
A5: -1.9961693 | B5: 0.0043005742 | C5: -5.7910233 | D5: 0.52622362 | E5: -0.020084449 | F5: -0.12592525 | G5: 0.022969334 | H5: -0.011055573 | I5: 4.3932572e-05 | J5: 2017
A6: -2.1391308 | B6: 0.0038447762 | C6: -7.3000127 | D6: 1.0129482 | E6: -0.011113798 | F6: -0.16979549 | G6: 0.014252166 | H6: -0.011063363 | I6: 4.2237741e-05 | J6: 2017
A7: -2.4259987 | B7: 0.0019864492 | C7: -10.352562 | D7: 4.5657173 | E7: 0.040425447 | F7: -0.17001713 | G7: 0.042648487 | H7: -0.010273111 | I7: 4.0311927e-05 | J7: 2017
A8: -2.9382065 | B8: -0.0017257281 | C8: -10.49572 | D8: 4.2925031 | E8: 0.066135655 | F8: -0.060044771 | G8: 0.052610301 | H8: -0.0097544168 | I8: 3.6317211e-05 | J8: 2017
A9: -2.878063 | B9: -0.0015738334 | C9: -11.262742 | D9: 4.2480241 | E9: 0.057601712 | F9: -0.12423432 | G9: 0.050767631 | H9: -0.010010859 | I9: 3.7197913e-05 | J9: 2017
A10: -2.928286 | B10: -0.0020709654 | C10: -11.331571 | D10: 3.8733853 | E10: 0.065078779 | F10: -0.096957865 | G10: 0.055075973 | H10: -0.0096053008 | I10: 3.597221e-05 | J10: 2017
A11: -1.8797351 | B11: 0.0066565045 | C11: -4.3542267 | D11: 3.5105083 | E11: 0.032563909 | F11: -0.18592286 | G11: -0.0043538516 | H11: -0.011172843 | I11: 4.36984e-05 | J11: 2017
A12: -2.0169267 | B12: 0.002590248 | C12: -3.4470669 | D12: -0.65885439 | E12: -0.028724535 | F12: -0.12599429 | G12: 0.0017514754 | H12: -0.011104169 | I12: 4.3506988e-05 | J12: 2017
A13: -2.0069162 | B13: 0.0023333073 | C13: -2.9407609 | D13: -2.6091552 | E13: -0.041837127 | F13: -0.11218049 | G13: 0.0052478571 | H13: -0.010960782 | I13: 4.5366926e-05 | J13: 2017
... A1807: -1.0741279 | B1807: 0.00035520037 | C1807: 1.4004509 | D1807: -0.59621942 | E1807: 0.024226217 | F1807: -0.010093758 | G1807: -0.0033292604 | H1807: 0.23508984 | I1807: -3.8291518e-06 | J1807: 2022

Sheet sig_beta
A1: beta_intercept | B1: beta_Sex_ratio | C1: beta_Pct_18_30 | D1: beta_Pct_60 | E1: beta_Pct_black | F1: beta_Pct_hispanic | G1: beta_Ln_pop_den | H1: beta_Pct_bachelor | I1: beta_med_incm_family | J1: year
A2: =IF(ABS(t!A2)>=2.787,beta!A2,0) -> -2.9472972 | B2: =IF(ABS(t!B2)>=2.787,beta!B2,0) -> 0 | C2: =IF(ABS(t!C2)>=2.787,beta!C2,0) -> -6.0819178 | D2: =IF(ABS(t!D2)>=2.787,beta!D2,0) -> 0 | E2: =IF(ABS(t!E2)>=2.787,beta!E2,0) -> 0 | F2: =IF(ABS(t!F2)>=2.787,beta!F2,0) -> 0 | G2: =IF(ABS(t!G2)>=2.787,beta!G2,0) -> 0 | H2: =IF(ABS(t!H2)>=2.787,beta!H2,0) -> 0 | I2: =IF(ABS(t!I2)>=2.787,beta!I2,0) -> 3.5723919e-05 | J2: 2017
A3: =IF(ABS(t!A3)>=2.787,beta!A3,0) -> -2.1124667 | B3: =IF(ABS(t!B3)>=2.787,beta!B3,0) -> 0 | C3: =IF(ABS(t!C3)>=2.787,beta!C3,0) -> -6.2129098 | D3: =IF(ABS(t!D3)>=2.787,beta!D3,0) -> 0 | E3: =IF(ABS(t!E3)>=2.787,beta!E3,0) -> 0 | F3: =IF(ABS(t!F3)>=2.787,beta!F3,0) -> 0 | G3: =IF(ABS(t!G3)>=2.787,beta!G3,0) -> 0 | H3: =IF(ABS(t!H3)>=2.787,beta!H3,0) -> 0 | I3: =IF(ABS(t!I3)>=2.787,beta!I3,0) -> 4.2495917e-05 | J3: 2017
A4: =IF(ABS(t!A4)>=2.787,beta!A4,0) -> -2.1092683 | B4: =IF(ABS(t!B4)>=2.787,beta!B4,0) -> 0 | C4: =IF(ABS(t!C4)>=2.787,beta!C4,0) -> -6.3426555 | D4: =IF(ABS(t!D4)>=2.787,beta!D4,0) -> 0 | E4: =IF(ABS(t!E4)>=2.787,beta!E4,0) -> 0 | F4: =IF(ABS(t!F4)>=2.787,beta!F4,0) -> -0.15448138 | G4: =IF(ABS(t!G4)>=2.787,beta!G4,0) -> 0 | H4: =IF(ABS(t!H4)>=2.787,beta!H4,0) -> 0 | I4: =IF(ABS(t!I4)>=2.787,beta!I4,0) -> 4.2757417e-05 | J4: 2017
A5: =IF(ABS(t!A5)>=2.787,beta!A5,0) -> -1.9961693 | B5: =IF(ABS(t!B5)>=2.787,beta!B5,0) -> 0 | C5: =IF(ABS(t!C5)>=2.787,beta!C5,0) -> 0 | D5: =IF(ABS(t!D5)>=2.787,beta!D5,0) -> 0 | E5: =IF(ABS(t!E5)>=2.787,beta!E5,0) -> 0 | F5: =IF(ABS(t!F5)>=2.787,beta!F5,0) -> 0 | G5: =IF(ABS(t!G5)>=2.787,beta!G5,0) -> 0 | H5: =IF(ABS(t!H5)>=2.787,beta!H5,0) -> 0 | I5: =IF(ABS(t!I5)>=2.787,beta!I5,0) -> 4.3932572e-05 | J5: 2017
A6: =IF(ABS(t!A6)>=2.787,beta!A6,0) -> -2.1391308 | B6: =IF(ABS(t!B6)>=2.787,beta!B6,0) -> 0 | C6: =IF(ABS(t!C6)>=2.787,beta!C6,0) -> -7.3000127 | D6: =IF(ABS(t!D6)>=2.787,beta!D6,0) -> 0 | E6: =IF(ABS(t!E6)>=2.787,beta!E6,0) -> 0 | F6: =IF(ABS(t!F6)>=2.787,beta!F6,0) -> 0 | G6: =IF(ABS(t!G6)>=2.787,beta!G6,0) -> 0 | H6: =IF(ABS(t!H6)>=2.787,beta!H6,0) -> 0 | I6: =IF(ABS(t!I6)>=2.787,beta!I6,0) -> 4.2237741e-05 | J6: 2017
A7: =IF(ABS(t!A7)>=2.787,beta!A7,0) -> -2.4259987 | B7: =IF(ABS(t!B7)>=2.787,beta!B7,0) -> 0 | C7: =IF(ABS(t!C7)>=2.787,beta!C7,0) -> -10.352562 | D7: =IF(ABS(t!D7)>=2.787,beta!D7,0) -> 4.5657173 | E7: =IF(ABS(t!E7)>=2.787,beta!E7,0) -> 0 | F7: =IF(ABS(t!F7)>=2.787,beta!F7,0) -> -0.17001713 | G7: =IF(ABS(t!G7)>=2.787,beta!G7,0) -> 0.042648487 | H7: =IF(ABS(t!H7)>=2.787,beta!H7,0) -> 0 | I7: =IF(ABS(t!I7)>=2.787,beta!I7,0) -> 4.0311927e-05 | J7: 2017
A8: =IF(ABS(t!A8)>=2.787,beta!A8,0) -> -2.9382065 | B8: =IF(ABS(t!B8)>=2.787,beta!B8,0) -> 0 | C8: =IF(ABS(t!C8)>=2.787,beta!C8,0) -> -10.49572 | D8: =IF(ABS(t!D8)>=2.787,beta!D8,0) -> 4.2925031 | E8: =IF(ABS(t!E8)>=2.787,beta!E8,0) -> 0 | F8: =IF(ABS(t!F8)>=2.787,beta!F8,0) -> 0 | G8: =IF(ABS(t!G8)>=2.787,beta!G8,0) -> 0.052610301 | H8: =IF(ABS(t!H8)>=2.787,beta!H8,0) -> 0 | I8: =IF(ABS(t!I8)>=2.787,beta!I8,0) -> 3.6317211e-05 | J8: 2017
A9: =IF(ABS(t!A9)>=2.787,beta!A9,0) -> -2.878063 | B9: =IF(ABS(t!B9)>=2.787,beta!B9,0) -> 0 | C9: =IF(ABS(t!C9)>=2.787,beta!C9,0) -> -11.262742 | D9: =IF(ABS(t!D9)>=2.787,beta!D9,0) -> 0 | E9: =IF(ABS(t!E9)>=2.787,beta!E9,0) -> 0 | F9: =IF(ABS(t!F9)>=2.787,beta!F9,0) -> 0 | G9: =IF(ABS(t!G9)>=2.787,beta!G9,0) -> 0.050767631 | H9: =IF(ABS(t!H9)>=2.787,beta!H9,0) -> 0 | I9: =IF(ABS(t!I9)>=2.787,beta!I9,0) -> 3.7197913e-05 | J9: 2017
A10: =IF(ABS(t!A10)>=2.787,beta!A10,0) -> -2.928286 | B10: =IF(ABS(t!B10)>=2.787,beta!B10,0) -> 0 | C10: =IF(ABS(t!C10)>=2.787,beta!C10,0) -> -11.331571 | D10: =IF(ABS(t!D10)>=2.787,beta!D10,0) -> 0 | E10: =IF(ABS(t!E10)>=2.787,beta!E10,0) -> 0 | F10: =IF(ABS(t!F10)>=2.787,beta!F10,0) -> 0 | G10: =IF(ABS(t!G10)>=2.787,beta!G10,0) -> 0.055075973 | H10: =IF(ABS(t!H10)>=2.787,beta!H10,0) -> 0 | I10: =IF(ABS(t!I10)>=2.787,beta!I10,0) -> 3.597221e-05 | J10: 2017
A11: =IF(ABS(t!A11)>=2.787,beta!A11,0) -> -1.8797351 | B11: =IF(ABS(t!B11)>=2.787,beta!B11,0) -> 0.0066565045 | C11: =IF(ABS(t!C11)>=2.787,beta!C11,0) -> -4.3542267 | D11: =IF(ABS(t!D11)>=2.787,beta!D11,0) -> 0 | E11: =IF(ABS(t!E11)>=2.787,beta!E11,0) -> 0 | F11: =IF(ABS(t!F11)>=2.787,beta!F11,0) -> -0.18592286 | G11: =IF(ABS(t!G11)>=2.787,beta!G11,0) -> 0 | H11: =IF(ABS(t!H11)>=2.787,beta!H11,0) -> 0 | I11: =IF(ABS(t!I11)>=2.787,beta!I11,0) -> 4.36984e-05 | J11: 2017
A12: =IF(ABS(t!A12)>=2.787,beta!A12,0) -> -2.0169267 | B12: =IF(ABS(t!B12)>=2.787,beta!B12,0) -> 0 | C12: =IF(ABS(t!C12)>=2.787,beta!C12,0) -> 0 | D12: =IF(ABS(t!D12)>=2.787,beta!D12,0) -> 0 | E12: =IF(ABS(t!E12)>=2.787,beta!E12,0) -> 0 | F12: =IF(ABS(t!F12)>=2.787,beta!F12,0) -> 0 | G12: =IF(ABS(t!G12)>=2.787,beta!G12,0) -> 0 | H12: =IF(ABS(t!H12)>=2.787,beta!H12,0) -> 0 | I12: =IF(ABS(t!I12)>=2.787,beta!I12,0) -> 4.3506988e-05 | J12: 2017
A13: =IF(ABS(t!A13)>=2.787,beta!A13,0) -> -2.0069162 | B13: =IF(ABS(t!B13)>=2.787,beta!B13,0) -> 0 | C13: =IF(ABS(t!C13)>=2.787,beta!C13,0) -> 0 | D13: =IF(ABS(t!D13)>=2.787,beta!D13,0) -> 0 | E13: =IF(ABS(t!E13)>=2.787,beta!E13,0) -> 0 | F13: =IF(ABS(t!F13)>=2.787,beta!F13,0) -> 0 | G13: =IF(ABS(t!G13)>=2.787,beta!G13,0) -> 0 | H13: =IF(ABS(t!H13)>=2.787,beta!H13,0) -> 0 | I13: =IF(ABS(t!I13)>=2.787,beta!I13,0) -> 4.5366926e-05 | J13: 2017
... A1807: =IF(ABS(t!A1807)>=2.787,beta!A1807,0) -> 0 | B1807: =IF(ABS(t!B1807)>=2.787,beta!B1807,0) -> 0 | C1807: =IF(ABS(t!C1807)>=2.787,beta!C1807,0) -> 0 | D1807: =IF(ABS(t!D1807)>=2.787,beta!D1807,0) -> 0 | E1807: =IF(ABS(t!E1807)>=2.787,beta!E1807,0) -> 0 | F1807: =IF(ABS(t!F1807)>=2.787,beta!F1807,0) -> 0 | G1807: =IF(ABS(t!G1807)>=2.787,beta!G1807,0) -> 0 | H1807: =IF(ABS(t!H1807)>=2.787,beta!H1807,0) -> 0.23508984 | I1807: =IF(ABS(t!I1807)>=2.787,beta!I1807,0) -> 0 | J1807: 2022
